slug,nombre,provincia_declarada,lat,lng,motivo
hadjadj-plage,"Hadjadj Plage",Almería,36.144,0.300,"EXTRANJERA · Argelia (coords)"
veau-marin-petite-plage-,"Veau marin - petite plage -",Almería,36.576,2.063,"EXTRANJERA · Argelia (coords)"
port-khemisti,"Port Khemisti",Almería,36.633,2.669,"EXTRANJERA · Argelia (coords)"
plage-el-hamdania-2,"Plage El Hamdania 2",Almería,36.629,2.281,"EXTRANJERA · Argelia (coords)"
el-maskhota,"El Maskhota",Almería,36.627,2.272,"EXTRANJERA · Argelia (coords)"
bekouch,"Bekouch",Almería,36.815,2.975,"EXTRANJERA · Argelia (coords)"
kouali,"Kouali",Almería,36.591,2.501,"EXTRANJERA · Argelia (coords)"
plage-tire-au-pigeon,"Plage Tire au Pigeon",Almería,36.814,2.967,"EXTRANJERA · Argelia (coords)"
sidi-merouan,"sidi merouan",Almería,36.551,1.347,"EXTRANJERA · Argelia (coords)"
marsa-el-cheikh,"Marsa El Cheikh",Almería,36.330,0.681,"EXTRANJERA · Argelia (coords)"
plage-berar,"Plage berar",Almería,36.594,2.565,"EXTRANJERA · Argelia (coords)"
plage-el-djamila,"Plage El Djamila",Almería,36.803,2.895,"EXTRANJERA · Argelia (coords)"
plage-zina-beach,"Plage Zina Beach",Almería,36.110,0.211,"EXTRANJERA · Argelia (coords)"
plage-el-marsa,"Plage El Marsa",Almería,36.129,0.267,"EXTRANJERA · Argelia (coords)"
tonton-beach,"Tonton Beach",Almería,36.136,0.289,"EXTRANJERA · Argelia (coords)"
serkouf-plage,"Serkouf Plage",Almería,36.789,3.313,"EXTRANJERA · Argelia (coords)"
plage-kastini,"PLAGE KASTINI",Almería,36.569,1.864,"EXTRANJERA · Argelia (coords)"
plage-hawert-lebehare,"PLAGE HAWERT LEBEHARE",Almería,36.568,1.873,"EXTRANJERA · Argelia (coords)"
plage-turig,"PLAGE TURIG",Almería,36.564,1.831,"EXTRANJERA · Argelia (coords)"
-4,"شاطيء فوضيل الشريف",Almería,36.560,1.797,"EXTRANJERA · Argelia (coords)"
plage-larhat,"Plage larhat",Almería,36.557,1.786,"EXTRANJERA · Argelia (coords)"
-5,"شاطئ المرسى",Almería,36.560,1.801,"EXTRANJERA · Argelia (coords)"
plage-ma3youche-,"Plage Ma3youche - شاطئ معيوش",Almería,36.558,1.768,"EXTRANJERA · Argelia (coords)"
kharouba-plage,"kharouba plage",Almería,36.557,1.780,"EXTRANJERA · Argelia (coords)"
plage-zahray,"Plage zahra.y",Almería,36.559,1.791,"EXTRANJERA · Argelia (coords)"
plage-sidi-fredj,"Plage Sidi Fredj شاطئ سيدي فرج",Almería,36.761,2.849,"EXTRANJERA · Argelia (coords)"
plage-moretti,"Plage Moretti",Almería,36.762,2.866,"EXTRANJERA · Argelia (coords)"
plage-dhotel-sheraton,"Plage d'hôtel Sheraton",Almería,36.765,2.872,"EXTRANJERA · Argelia (coords)"
plage-club-des-pins,"Plage Club des Pins",Almería,36.772,2.882,"EXTRANJERA · Argelia (coords)"
club-azur-plage,"Club Azur Plage",Almería,36.737,2.841,"EXTRANJERA · Argelia (coords)"
plage-de-lhotel-el-riyad,"Plage de l'Hôtel El Riyad شاطئ فندق الرياض",Almería,36.760,2.852,"EXTRANJERA · Argelia (coords)"
plage-sables-dor,"Plage Sables d'Or",Almería,36.731,2.838,"EXTRANJERA · Argelia (coords)"
-7,"شاطئ شاطئ النخيل",Almería,36.743,2.844,"EXTRANJERA · Argelia (coords)"
plage-crf-mdn,"Plage CRF MDN",Almería,36.733,2.840,"EXTRANJERA · Argelia (coords)"
plage-kadous,"Plage Kadous",Almería,36.784,3.341,"EXTRANJERA · Argelia (coords)"
les-canadiennes,"Les Canadiennes",Almería,36.786,3.328,"EXTRANJERA · Argelia (coords)"
colonel-abbes,"Colonel Abbes",Almería,36.692,2.793,"EXTRANJERA · Argelia (coords)"
corne-dor,"Corne d'or",Almería,36.594,2.471,"EXTRANJERA · Argelia (coords)"
corne-dor-2,"corne d'or",Almería,36.594,2.472,"EXTRANJERA · Argelia (coords)"
plage-de-oued-el-bellaa,"Plage de Oued El Bellaa",Almería,36.614,2.229,"EXTRANJERA · Argelia (coords)"
plage-cet,"Plage CET",Almería,36.592,2.479,"EXTRANJERA · Argelia (coords)"
plage-kheloufi-ii,"Plage Kheloufi II",Almería,36.705,2.813,"EXTRANJERA · Argelia (coords)"
plage-kheloufi-i,"Plage Kheloufi I",Almería,36.701,2.807,"EXTRANJERA · Argelia (coords)"
plage-champ-de-tir,"Plage Champ de Tir",Almería,36.721,2.830,"EXTRANJERA · Argelia (coords)"
plage-familiale,"Plage Familiale",Almería,36.713,2.821,"EXTRANJERA · Argelia (coords)"
plage-du-complexe-touristique,"Plage du complexe touristique",Almería,36.727,2.835,"EXTRANJERA · Argelia (coords)"
plage-de-reghaia,"Plage de Reghaia",Almería,36.781,3.364,"EXTRANJERA · Argelia (coords)"
plage-el-bahdja,"Plage El Bahdja",Almería,36.784,2.895,"EXTRANJERA · Argelia (coords)"
plage-les-dunes,"Plage les Dunes",Almería,36.780,2.891,"EXTRANJERA · Argelia (coords)"
plage-bleue,"Plage bleue",Almería,36.641,2.342,"EXTRANJERA · Argelia (coords)"
-14,"شاطىء بن عودة",Almería,36.640,2.333,"EXTRANJERA · Argelia (coords)"
madame-la-romaine,"Madame La Romaine",Almería,36.582,2.099,"EXTRANJERA · Argelia (coords)"
plage-ouest,"Plage Ouest الشاطئ الغربي",Almería,36.761,2.841,"EXTRANJERA · Argelia (coords)"
-15,"قاع السور",Almería,36.788,3.066,"EXTRANJERA · Argelia (coords)"
kouali-2,"Kouali",Almería,36.591,2.495,"EXTRANJERA · Argelia (coords)"
1,"شاطئ حورية البحر 1",Almería,36.748,3.186,"EXTRANJERA · Argelia (coords)"
el-djamila,"El Djamila",Almería,36.799,2.900,"EXTRANJERA · Argelia (coords)"
hamdania,"Hamdania",Almería,36.620,2.255,"EXTRANJERA · Argelia (coords)"
3-ilots,"3 ilots",Almería,36.624,2.260,"EXTRANJERA · Argelia (coords)"
oued-oumazer,"Oued Oumazer",Almería,36.634,2.299,"EXTRANJERA · Argelia (coords)"
-17,"شاطئ الضفة الخضراء",Almería,36.757,3.206,"EXTRANJERA · Argelia (coords)"
sidi-boumaazza,"Sidi boumaazza",Almería,36.643,2.681,"EXTRANJERA · Argelia (coords)"
plage-chenoua,"Plage Chenoua",Almería,36.596,2.426,"EXTRANJERA · Argelia (coords)"
-19,"شاطئ الصابلات",Almería,36.744,3.117,"EXTRANJERA · Argelia (coords)"
plage-dachria,"Plage Dachria",Almería,36.335,0.749,"EXTRANJERA · Argelia (coords)"
tamentfoust,"Tamentfoust",Almería,36.806,3.234,"EXTRANJERA · Argelia (coords)"
plage-de-beni-haoua,"Plage de Beni Haoua",Almería,36.536,1.571,"EXTRANJERA · Argelia (coords)"
plage-tighaza-tardjilet,"Plage Tighaza Tardjilet",Almería,36.553,1.679,"EXTRANJERA · Argelia (coords)"
-22,"شاطئ المرسى",Almería,36.812,3.256,"EXTRANJERA · Argelia (coords)"
deca-plage,"Deca Plage",Almería,36.789,3.315,"EXTRANJERA · Argelia (coords)"
-23,"الغابة المقدسة",Almería,36.568,1.881,"EXTRANJERA · Argelia (coords)"
bateau-casse,"Bateau Cassé",Almería,36.768,3.222,"EXTRANJERA · Argelia (coords)"
plage-bouchghal,"Plage Bouchghal",Almería,36.537,1.442,"EXTRANJERA · Argelia (coords)"
plage-youtar,"Plage Youtar",Almería,36.555,1.721,"EXTRANJERA · Argelia (coords)"
plage-gounini,"Plage Gounini",Almería,36.568,2.022,"EXTRANJERA · Argelia (coords)"
plage-4,"plage",Almería,36.163,0.321,"EXTRANJERA · Argelia (coords)"
plage-klovis,"Plage Klovis",Almería,36.130,0.275,"EXTRANJERA · Argelia (coords)"
2-2,"شاطئ حورية البحر 2",Almería,36.747,3.179,"EXTRANJERA · Argelia (coords)"
bosquet-plage-hadjadj,"Bosquet plage Hadjadj",Almería,36.139,0.291,"EXTRANJERA · Argelia (coords)"
plage-mer-et-soleil,"Plage Mer et Soleil",Almería,36.612,2.204,"EXTRANJERA · Argelia (coords)"
plage-petit-port,"Plage Petit port",Almería,36.210,0.394,"EXTRANJERA · Argelia (coords)"
plage-du-phare,"Plage du phare",Almería,36.812,2.952,"EXTRANJERA · Argelia (coords)"
plage-matares,"Plage Matares",Almería,36.594,2.432,"EXTRANJERA · Argelia (coords)"
plage-5,"Plage شاطئ",Almería,36.283,0.588,"EXTRANJERA · Argelia (coords)"
plage-sidi-abdelkader-achaacha,"Plage Sidi Abdelkader (Achaacha",Almería,36.316,0.643,"EXTRANJERA · Argelia (coords)"
plage-6,"Plage شاطئ",Almería,36.307,0.631,"EXTRANJERA · Argelia (coords)"
plage-7,"Plage شاطئ",Almería,36.302,0.618,"EXTRANJERA · Argelia (coords)"
nouvelle-plage-petit-port-2,"Nouvelle plage Petit port 2",Almería,36.210,0.405,"EXTRANJERA · Argelia (coords)"
plage-ain-brahim,"Plage Aïn Brahim",Almería,36.221,0.451,"EXTRANJERA · Argelia (coords)"
plage-des-datties,"Plage des Dattiés",Almería,36.476,1.038,"EXTRANJERA · Argelia (coords)"
plage-du-camp-des-oulemas,"Plage du camp des oulemas",Almería,36.477,1.042,"EXTRANJERA · Argelia (coords)"
plage-djzebouj,"Plage Djzebouj",Almería,36.482,1.053,"EXTRANJERA · Argelia (coords)"
-33,"شاطئ وادي القصب",Almería,36.504,1.257,"EXTRANJERA · Argelia (coords)"
chenoua-plage,"Chenoua Plage",Almería,36.603,2.412,"EXTRANJERA · Argelia (coords)"
plage-kef-lasfar,"Plage Kef Lasfar",Almería,36.184,0.339,"EXTRANJERA · Argelia (coords)"
plage-de-reghaia-2,"Plage de Reghaia",Almería,36.783,3.350,"EXTRANJERA · Argelia (coords)"
plage-sidi-abdelkader-achaacha-2,"Plage Sidi Abdelkader (Achaacha",Almería,36.312,0.639,"EXTRANJERA · Argelia (coords)"
plage-la-presquile,"Plage La Presqu'île",Almería,36.557,1.732,"EXTRANJERA · Argelia (coords)"
plage-damous-trax,"Plage Damous trax",Almería,36.555,1.735,"EXTRANJERA · Argelia (coords)"
ain-el-beida,"ain el beida",Almería,36.800,3.281,"EXTRANJERA · Argelia (coords)"
-37,"شاطئ ليدان",Almería,36.799,3.049,"EXTRANJERA · Argelia (coords)"
plage-de-montbel,"Plage de Montbel",Girona,42.979,1.970,"EXTRANJERA · Francia (override)"
praia-da-culatra,"Praia da Culatra",Huelva,37.003,-7.802,"EXTRANJERA · Portugal (coords)"
praia-da-sesmaria,"Praia da Sesmaria",Huelva,38.124,-8.795,"EXTRANJERA · Portugal (coords)"
quinta-amoroso,"Quinta Amoroso",Huelva,37.197,-8.499,"EXTRANJERA · Portugal (coords)"
praia-fluvial-de-oriola,"Praia Fluvial de Oriola",Huelva,38.314,-7.862,"EXTRANJERA · Portugal (coords)"
praia-dos-tesos,"Praia dos Tesos",Huelva,37.007,-7.942,"EXTRANJERA · Portugal (coords)"
praia-da-california,"Praia da Califórnia",Huelva,38.441,-9.098,"EXTRANJERA · Portugal (coords)"
praia-da-batata,"Praia da Batata",Huelva,37.098,-8.668,"EXTRANJERA · Portugal (coords)"
praia-de-dona-ana,"Praia de Dona Ana",Huelva,37.092,-8.669,"EXTRANJERA · Portugal (coords)"
praia-do-burgau,"Praia do Burgau",Huelva,37.071,-8.776,"EXTRANJERA · Portugal (coords)"
praia-de-coelha,"Praia de Coelha",Huelva,37.335,-8.860,"EXTRANJERA · Portugal (coords)"
praia-do-castelo,"Praia do Castelo",Huelva,37.073,-8.299,"EXTRANJERA · Portugal (coords)"
praia-do-evaristo,"Praia do Evaristo",Huelva,37.074,-8.303,"EXTRANJERA · Portugal (coords)"
praia-dos-salgados,"Praia dos Salgados",Huelva,37.086,-8.325,"EXTRANJERA · Portugal (coords)"
praia-de-monte-clerigo,"Praia de Monte Clérigo",Huelva,37.342,-8.853,"EXTRANJERA · Portugal (coords)"
praia-de-santa-eulalia,"Praia de Santa Eulália",Huelva,37.088,-8.213,"EXTRANJERA · Portugal (coords)"
praia-da-mareta,"Praia da Mareta",Huelva,37.005,-8.939,"EXTRANJERA · Portugal (coords)"
praia-do-camilo,"Praia do Camilo",Huelva,37.087,-8.668,"EXTRANJERA · Portugal (coords)"
praia-do-barril,"Praia do Barril",Huelva,37.085,-7.663,"EXTRANJERA · Portugal (coords)"
praia-da-fuseta-ria,"Praia da Fuseta-Ria",Huelva,37.050,-7.744,"EXTRANJERA · Portugal (coords)"
praia-do-barril-2,"Praia do Barril",Huelva,37.074,-7.687,"EXTRANJERA · Portugal (coords)"
praia-da-terra-estreita-na-ilha-de-tavira,"Praia da Terra Estreita na Ilha de Tavira",Huelva,37.099,-7.640,"EXTRANJERA · Portugal (coords)"
praia-da-ilha-de-tavira,"Praia da Ilha de Tavira",Huelva,37.110,-7.621,"EXTRANJERA · Portugal (coords)"
praia-tavira-ria,"Praia Tavira-Ria",Huelva,37.115,-7.623,"EXTRANJERA · Portugal (coords)"
praia-do-forte-da-barra,"Praia do Forte da Barra",Huelva,37.120,-7.612,"EXTRANJERA · Portugal (coords)"
praia-da-fuseta-mar,"Praia da Fuseta-Mar",Huelva,37.046,-7.739,"EXTRANJERA · Portugal (coords)"
praia-da-armona-mar,"Praia da Armona-Mar",Huelva,37.018,-7.792,"EXTRANJERA · Portugal (coords)"
praia-da-ilha-deserta,"Praia da Ilha Deserta",Huelva,36.963,-7.879,"EXTRANJERA · Portugal (coords)"
praia-da-quinta-do-lago,"Praia da Quinta do Lago",Huelva,37.025,-8.025,"EXTRANJERA · Portugal (coords)"
praia-de-vilamoura,"Praia de Vilamoura",Huelva,37.071,-8.117,"EXTRANJERA · Portugal (coords)"
praia-do-pinhao,"Praia do Pinhão",Huelva,37.094,-8.668,"EXTRANJERA · Portugal (coords)"
praia-dos-estudantes,"Praia dos Estudantes",Huelva,37.096,-8.667,"EXTRANJERA · Portugal (coords)"
praia-tomas-franco,"Praia Tomás Franco",Huelva,37.077,-8.311,"EXTRANJERA · Portugal (coords)"
praia-do-beliche,"Praia do Beliche",Huelva,37.026,-8.965,"EXTRANJERA · Portugal (coords)"
praia-da-rocha,"Praia da Rocha",Huelva,37.116,-8.536,"EXTRANJERA · Portugal (coords)"
praia-grande-ferragudo,"Praia Grande (Ferragudo)",Huelva,37.116,-8.520,"EXTRANJERA · Portugal (coords)"
praia-da-angrinha,"Praia da Angrinha",Huelva,37.122,-8.523,"EXTRANJERA · Portugal (coords)"
praia-da-cova-redonda,"Praia da Cova Redonda",Huelva,37.099,-8.381,"EXTRANJERA · Portugal (coords)"
praia-dos-beijinhos,"Praia dos Beijinhos",Huelva,37.101,-8.374,"EXTRANJERA · Portugal (coords)"
praia-vale-do-olival,"Praia Vale do Olival",Huelva,37.102,-8.370,"EXTRANJERA · Portugal (coords)"
praia-do-carvalho,"Praia do Carvalho",Huelva,37.087,-8.432,"EXTRANJERA · Portugal (coords)"
praia-do-pintadinho,"Praia do Pintadinho",Huelva,37.108,-8.519,"EXTRANJERA · Portugal (coords)"
praia-nova-2,"Praia Nova",Huelva,37.096,-8.388,"EXTRANJERA · Portugal (coords)"
praia-dos-tremocos,"Praia dos Tremoços",Huelva,37.100,-8.377,"EXTRANJERA · Portugal (coords)"
praia-da-marinha,"Praia da Marinha",Huelva,37.090,-8.413,"EXTRANJERA · Portugal (coords)"
praia-do-carvoeiro,"Praia do Carvoeiro",Huelva,37.096,-8.472,"EXTRANJERA · Portugal (coords)"
praia-dos-pescadores-2,"Praia dos Pescadores",Huelva,37.087,-8.250,"EXTRANJERA · Portugal (coords)"
praia-do-peneco,"Praia do Peneco",Huelva,37.086,-8.254,"EXTRANJERA · Portugal (coords)"
praia-dos-alemaes,"Praia dos Alemães",Huelva,37.084,-8.238,"EXTRANJERA · Portugal (coords)"
praia-da-baleeira,"Praia da Baleeira",Huelva,37.082,-8.262,"EXTRANJERA · Portugal (coords)"
praia-da-falesia,"Praia da Falésia",Huelva,37.075,-8.132,"EXTRANJERA · Portugal (coords)"
praia-maria-luisa,"Praia Maria Luísa",Huelva,37.089,-8.201,"EXTRANJERA · Portugal (coords)"
praia-dos-aveiros,"Praia dos Aveiros",Huelva,37.083,-8.231,"EXTRANJERA · Portugal (coords)"
praia-do-barranco-das-belharucas,"Praia do Barranco das Belharucas",Huelva,37.090,-8.180,"EXTRANJERA · Portugal (coords)"
praia-da-falesia-alfamar,"Praia da Falésia Alfamar",Huelva,37.083,-8.158,"EXTRANJERA · Portugal (coords)"
praia-de-nossa-senhora,"Praia de Nossa Senhora",Huelva,37.654,-8.802,"EXTRANJERA · Portugal (coords)"
praia-de-quarteira,"Praia de Quarteira",Huelva,37.065,-8.100,"EXTRANJERA · Portugal (coords)"
praia-do-creiro,"Praia do Creiro",Huelva,38.479,-8.976,"EXTRANJERA · Portugal (coords)"
praia-da-pedra-dos-bicos,"Praia da Pedra dos Bicos",Huelva,37.085,-8.218,"EXTRANJERA · Portugal (coords)"
praia-da-ingrina,"Praia da Ingrina",Huelva,37.047,-8.879,"EXTRANJERA · Portugal (coords)"
praia-do-barranco,"Praia do Barranco",Huelva,37.042,-8.895,"EXTRANJERA · Portugal (coords)"
praia-do-zavial,"Praia do Zavial",Huelva,37.046,-8.870,"EXTRANJERA · Portugal (coords)"
praia-das-furnas,"Praia das Furnas",Huelva,37.055,-8.854,"EXTRANJERA · Portugal (coords)"
praia-da-figueira,"Praia da Figueira",Huelva,37.061,-8.840,"EXTRANJERA · Portugal (coords)"
praia-da-luz,"Praia da Luz",Huelva,37.087,-8.725,"EXTRANJERA · Portugal (coords)"
praia-do-carvalhal,"Praia do Carvalhal",Huelva,37.501,-8.793,"EXTRANJERA · Portugal (coords)"
praia-dos-alteirinhos,"Praia dos Alteirinhos",Huelva,37.519,-8.789,"EXTRANJERA · Portugal (coords)"
praia-da-culatra-2,"Praia da Culatra",Huelva,36.995,-7.824,"EXTRANJERA · Portugal (coords)"
praia-da-mesquita,"Praia da Mesquita",Huelva,37.089,-8.415,"EXTRANJERA · Portugal (coords)"
praia-da-malhada-do-baraco,"Praia da Malhada do Baraço",Huelva,37.090,-8.407,"EXTRANJERA · Portugal (coords)"
praia-do-pau,"Praia do Pau",Huelva,37.090,-8.410,"EXTRANJERA · Portugal (coords)"
praia-das-fontainhas,"Praia das Fontaínhas",Huelva,37.092,-8.396,"EXTRANJERA · Portugal (coords)"
praia-da-baleeira-2,"Praia da Baleeira",Huelva,37.011,-8.930,"EXTRANJERA · Portugal (coords)"
praia-da-franquia,"Praia da Franquia",Huelva,37.722,-8.786,"EXTRANJERA · Portugal (coords)"
praia-da-foz-2,"Praia da Foz",Huelva,38.454,-9.199,"EXTRANJERA · Portugal (coords)"
praia-do-rebenta-bois,"Praia do Rebenta Bois",Huelva,38.451,-9.201,"EXTRANJERA · Portugal (coords)"
praia-das-bicas,"Praia das Bicas",Huelva,38.465,-9.192,"EXTRANJERA · Portugal (coords)"
praia-do-meco-tramagueira,"Praia do Meco (Tramagueira)",Huelva,38.478,-9.187,"EXTRANJERA · Portugal (coords)"
praia-do-pego,"Praia do Pêgo",Huelva,38.292,-8.779,"EXTRANJERA · Portugal (coords)"
praia-do-torrado,"Praia do Torrado",Huelva,37.106,-8.516,"EXTRANJERA · Portugal (coords)"
praia-do-tonel,"Praia do Tonel",Huelva,37.559,-8.792,"EXTRANJERA · Portugal (coords)"
praia-do-carvalhal-2,"Praia do Carvalhal",Huelva,38.306,-8.781,"EXTRANJERA · Portugal (coords)"
praia-da-comporta,"Praia da Comporta",Huelva,38.381,-8.804,"EXTRANJERA · Portugal (coords)"
praia-da-raposa,"Praia da Raposa",Huelva,38.258,-8.776,"EXTRANJERA · Portugal (coords)"
praia-do-pinheirinho,"Praia do Pinheirinho",Huelva,38.221,-8.776,"EXTRANJERA · Portugal (coords)"
praia-da-gale,"Praia da Galé",Huelva,38.205,-8.777,"EXTRANJERA · Portugal (coords)"
praia-da-aberta-nova,"Praia da Aberta Nova",Huelva,38.177,-8.781,"EXTRANJERA · Portugal (coords)"
praia-da-costa-de-santo-andre,"Praia da Costa de Santo André",Huelva,38.114,-8.798,"EXTRANJERA · Portugal (coords)"
praia-do-monte-velho,"Praia do Monte Velho",Huelva,38.081,-8.811,"EXTRANJERA · Portugal (coords)"
praia-das-areias-brancas,"Praia das Areias Brancas",Huelva,38.067,-8.817,"EXTRANJERA · Portugal (coords)"
praia-da-fonte-do-cortico,"Praia da Fonte do Cortiço",Huelva,38.055,-8.822,"EXTRANJERA · Portugal (coords)"
praia-da-costa-do-norte,"Praia da Costa do Norte",Huelva,37.979,-8.864,"EXTRANJERA · Portugal (coords)"
praia-de-sao-torpes,"Praia de São Torpes",Huelva,37.920,-8.806,"EXTRANJERA · Portugal (coords)"
praia-carreiro-da-fazenda,"Praia Carreiro da Fazenda",Huelva,37.723,-8.792,"EXTRANJERA · Portugal (coords)"
praia-do-farol,"Praia do Farol",Huelva,37.719,-8.790,"EXTRANJERA · Portugal (coords)"
praia-das-furnas-2,"Praia das Furnas",Huelva,37.716,-8.784,"EXTRANJERA · Portugal (coords)"
praia-do-brejo-largo,"Praia do Brejo Largo",Huelva,37.675,-8.797,"EXTRANJERA · Portugal (coords)"
praia-dos-machados,"Praia dos Machados",Huelva,37.492,-8.795,"EXTRANJERA · Portugal (coords)"
praia-do-malhao-sul,"Praia do Malhão Sul",Huelva,37.780,-8.802,"EXTRANJERA · Portugal (coords)"
praia-da-bica-da-areia,"Praia da Bica da Areia",Huelva,37.726,-8.793,"EXTRANJERA · Portugal (coords)"
praia-dos-canudos,"Praia dos Canudos",Huelva,37.882,-8.796,"EXTRANJERA · Portugal (coords)"
praia-da-pedra-da-bica,"Praia da Pedra da Bica",Huelva,37.532,-8.786,"EXTRANJERA · Portugal (coords)"
praia-do-mirouco,"Praia do Mirouço",Huelva,37.137,-8.920,"EXTRANJERA · Portugal (coords)"
praia-do-canal,"Praia do Canal",Huelva,37.267,-8.861,"EXTRANJERA · Portugal (coords)"
praia-do-alvoriao,"Praia do Alvorião",Huelva,37.504,-8.792,"EXTRANJERA · Portugal (coords)"
praia-da-meia-laranja,"Praia da Meia Laranja",Huelva,37.517,-8.790,"EXTRANJERA · Portugal (coords)"
praia-das-bernosas,"Praia das Bernosas",Huelva,37.515,-8.791,"EXTRANJERA · Portugal (coords)"
praia-da-baia-da-arquinha,"Praia da Baía da Arquinha",Huelva,37.536,-8.786,"EXTRANJERA · Portugal (coords)"
praia-de-nossa-senhora-2,"Praia de Nossa Senhora",Huelva,37.530,-8.787,"EXTRANJERA · Portugal (coords)"
praia-do-cavaleiro,"Praia do Cavaleiro",Huelva,37.602,-8.817,"EXTRANJERA · Portugal (coords)"
praia-da-carraca,"Praia da Carraca",Huelva,37.606,-8.816,"EXTRANJERA · Portugal (coords)"
praia-da-laginha,"Praia da Laginha",Huelva,37.608,-8.814,"EXTRANJERA · Portugal (coords)"
praia-do-cao,"Praia do Cão",Huelva,37.610,-8.812,"EXTRANJERA · Portugal (coords)"
praia-do-almograve-sul,"Praia do Almograve Sul",Huelva,37.650,-8.804,"EXTRANJERA · Portugal (coords)"
praia-do-cavalo,"Praia do Cavalo",Huelva,37.682,-8.795,"EXTRANJERA · Portugal (coords)"
praia-dos-aivados,"Praia dos Aivados",Huelva,37.810,-8.796,"EXTRANJERA · Portugal (coords)"
praia-do-banho,"Praia do Banho",Huelva,37.853,-8.796,"EXTRANJERA · Portugal (coords)"
praia-da-cerca-nova,"Praia da Cerca Nova",Huelva,37.859,-8.794,"EXTRANJERA · Portugal (coords)"
praia-naturista-do-salto,"Praia naturista do Salto",Huelva,37.860,-8.794,"EXTRANJERA · Portugal (coords)"
praia-do-cerro-da-aguia,"Praia do Cerro da Águia",Huelva,37.862,-8.794,"EXTRANJERA · Portugal (coords)"
praia-de-porto-covinho,"Praia de Porto Covinho",Huelva,37.864,-8.793,"EXTRANJERA · Portugal (coords)"
praia-da-samoqueira,"Praia da Samoqueira",Huelva,37.867,-8.793,"EXTRANJERA · Portugal (coords)"
praia-da-oliveirinha,"Praia da Oliveirinha",Huelva,37.893,-8.797,"EXTRANJERA · Portugal (coords)"
praia-de-morgavel,"Praia de Morgavel",Huelva,37.907,-8.799,"EXTRANJERA · Portugal (coords)"
praia-dos-coelhos,"Praia dos Coelhos",Huelva,38.482,-8.969,"EXTRANJERA · Portugal (coords)"
praia-de-galapinhos,"Praia de Galapinhos",Huelva,38.484,-8.968,"EXTRANJERA · Portugal (coords)"
praia-de-galapos,"Praia de Galápos",Huelva,38.485,-8.964,"EXTRANJERA · Portugal (coords)"
praia-da-cova,"Praia da Cova",Huelva,38.441,-9.059,"EXTRANJERA · Portugal (coords)"
praia-dos-lagosteiros,"Praia dos Lagosteiros",Huelva,38.424,-9.215,"EXTRANJERA · Portugal (coords)"
praia-da-pipa,"Praia da Pipa",Huelva,38.460,-9.195,"EXTRANJERA · Portugal (coords)"
praia-da-pelengana,"Praia da Pelengana",Huelva,37.910,-8.800,"EXTRANJERA · Portugal (coords)"
praia-do-canto-mosqueiro,"Praia do Canto Mosqueiro",Huelva,37.972,-8.869,"EXTRANJERA · Portugal (coords)"
praia-dos-brejos,"Praia dos Brejos",Huelva,38.319,-8.783,"EXTRANJERA · Portugal (coords)"
praia-da-torre-3,"Praia da Torre",Huelva,38.345,-8.790,"EXTRANJERA · Portugal (coords)"
praia-do-barranco-das-canas,"Praia do Barranco das Canas",Huelva,37.119,-8.564,"EXTRANJERA · Portugal (coords)"
praia-do-queimado,"Praia do Queimado",Huelva,37.819,-8.793,"EXTRANJERA · Portugal (coords)"
praia-da-armona-ria,"Praia da Armona-Ria",Huelva,37.023,-7.805,"EXTRANJERA · Portugal (coords)"
praia-da-figueirinha,"Praia da Figueirinha",Huelva,38.484,-8.946,"EXTRANJERA · Portugal (coords)"
praia-da-vieirinha-vale-de-figueiros,"Praia da Vieirinha - Vale de Figueiros",Huelva,37.896,-8.797,"EXTRANJERA · Portugal (coords)"
praia-grande-de-pera,"Praia Grande de Pêra",Huelva,37.094,-8.341,"EXTRANJERA · Portugal (coords)"
praia-de-armacao-de-pera,"Praia de Armação de Pêra",Huelva,37.100,-8.360,"EXTRANJERA · Portugal (coords)"
praia-de-loule-velho,"Praia de Loulé Velho",Huelva,37.055,-8.076,"EXTRANJERA · Portugal (coords)"
praia-do-canavial,"Praia do Canavial",Huelva,37.084,-8.679,"EXTRANJERA · Portugal (coords)"
praia-do-paraiso-2,"Praia do Paraíso",Huelva,37.097,-8.476,"EXTRANJERA · Portugal (coords)"
praia-dos-buizinhos,"Praia dos Buizinhos",Huelva,37.850,-8.796,"EXTRANJERA · Portugal (coords)"
praia-da-fraternidade,"Praia da Fraternidade",Huelva,37.074,-8.297,"EXTRANJERA · Portugal (coords)"
praia-do-sissal,"Praia do Sissal",Huelva,37.839,-8.790,"EXTRANJERA · Portugal (coords)"
praia-da-angra-das-melancias,"Praia da Angra das Melancias",Huelva,37.660,-8.802,"EXTRANJERA · Portugal (coords)"
praia-da-angra-do-travesso,"Praia da Angra do Travesso",Huelva,37.662,-8.802,"EXTRANJERA · Portugal (coords)"
praia-dos-picos,"Praia dos Picos",Huelva,37.665,-8.801,"EXTRANJERA · Portugal (coords)"
praia-do-burdo,"Praia do Burdo",Huelva,37.760,-8.806,"EXTRANJERA · Portugal (coords)"
praia-da-angra-da-barrela,"Praia da Angra da Barrela",Huelva,37.770,-8.805,"EXTRANJERA · Portugal (coords)"
praia-da-angra-da-vaca,"Praia da Angra da Vaca",Huelva,37.765,-8.807,"EXTRANJERA · Portugal (coords)"
praia-dos-nascedios,"Praia dos Nascedios",Huelva,37.792,-8.802,"EXTRANJERA · Portugal (coords)"
praia-do-saltinho,"Praia do Saltinho",Huelva,37.794,-8.802,"EXTRANJERA · Portugal (coords)"
praia-do-malhao-norte,"Praia do Malhão Norte",Huelva,37.787,-8.802,"EXTRANJERA · Portugal (coords)"
praia-santa,"Praia Santa",Huelva,37.061,-8.837,"EXTRANJERA · Portugal (coords)"
praia-selvagem,"Praia Selvagem",Huelva,37.840,-8.792,"EXTRANJERA · Portugal (coords)"
meia-praia,"Meia Praia",Huelva,37.119,-8.638,"EXTRANJERA · Portugal (coords)"
praia-da-foz-3,"Praia da Foz",Huelva,37.885,-8.795,"EXTRANJERA · Portugal (coords)"
praia-da-engardaceira,"Praia da Engardaceira",Huelva,37.846,-8.793,"EXTRANJERA · Portugal (coords)"
praia-do-ouro,"Praia do Ouro",Huelva,38.442,-9.109,"EXTRANJERA · Portugal (coords)"
praia-dos-rebolos,"Praia dos Rebolos",Huelva,37.069,-8.782,"EXTRANJERA · Portugal (coords)"
praia-de-benagil,"Praia de Benagil",Huelva,37.087,-8.426,"EXTRANJERA · Portugal (coords)"
praia-da-ponta-da-adega,"Praia da Ponta da Adega",Huelva,37.097,-8.384,"EXTRANJERA · Portugal (coords)"
praia-do-vale-espinhaco,"Praia do Vale Espinhaço",Huelva,37.088,-8.441,"EXTRANJERA · Portugal (coords)"
praia-da-ilha-da-barreta,"Praia da Ilha da Barreta",Huelva,36.972,-7.923,"EXTRANJERA · Portugal (coords)"
praia-fluvial-2,"Praia Fluvial",Huelva,37.162,-8.487,"EXTRANJERA · Portugal (coords)"
praia-do-vale-covo,"Praia do Vale Covo",Huelva,37.093,-8.460,"EXTRANJERA · Portugal (coords)"
praia-do-portinho-do-forno,"Praia do Portinho do Forno",Huelva,37.174,-8.908,"EXTRANJERA · Portugal (coords)"
praia-da-angra-da-cerva,"Praia da Angra da Cerva",Huelva,37.753,-8.807,"EXTRANJERA · Portugal (coords)"
praia-da-baia-de-porto-covo,"Praia da Baía de Porto Covo",Huelva,37.850,-8.791,"EXTRANJERA · Portugal (coords)"
praia-grande-de-almograve,"Praia Grande de Almograve",Huelva,37.652,-8.803,"EXTRANJERA · Portugal (coords)"
praia-dos-cavacos,"Praia dos Cavacos",Huelva,37.036,-7.796,"EXTRANJERA · Portugal (coords)"
praia-do-rato,"Praia do Rato",Huelva,37.119,-7.625,"EXTRANJERA · Portugal (coords)"
prainha-2,"Prainha",Huelva,37.085,-8.731,"EXTRANJERA · Portugal (coords)"
praia-do-alvor-nascente,"Praia do Alvor Nascente",Huelva,37.122,-8.590,"EXTRANJERA · Portugal (coords)"
praia-do-alvor-poente,"Praia do Alvor Poente",Huelva,37.123,-8.598,"EXTRANJERA · Portugal (coords)"
praia-dos-careanos,"Praia dos Careanos",Huelva,37.119,-8.555,"EXTRANJERA · Portugal (coords)"
praia-do-alemao,"Praia do Alemão",Huelva,37.120,-8.562,"EXTRANJERA · Portugal (coords)"
praia-do-vau,"Praia do Vau",Huelva,37.120,-8.559,"EXTRANJERA · Portugal (coords)"
praia-dos-castelos-3,"Praia dos Castelos",Huelva,37.099,-8.482,"EXTRANJERA · Portugal (coords)"
praia-da-pedra-da-agulha,"Praia da Pedra da Agulha",Huelva,37.275,-8.863,"EXTRANJERA · Portugal (coords)"
praia-do-forte-novo,"Praia do Forte Novo",Huelva,37.061,-8.088,"EXTRANJERA · Portugal (coords)"
praia-do-almargem,"Praia do Almargem",Huelva,37.059,-8.084,"EXTRANJERA · Portugal (coords)"
praia-da-lagoa-3,"Praia da Lagoa",Huelva,37.058,-8.081,"EXTRANJERA · Portugal (coords)"
praia-do-ancao,"Praia do Ancão",Huelva,37.032,-8.038,"EXTRANJERA · Portugal (coords)"
praia-de-vale-do-lobo,"Praia de Vale do Lobo",Huelva,37.049,-8.066,"EXTRANJERA · Portugal (coords)"
praia-do-garrao,"Praia do Garrão",Huelva,37.041,-8.053,"EXTRANJERA · Portugal (coords)"
praia-da-falesia-2,"Praia da Falésia",Huelva,37.080,-8.149,"EXTRANJERA · Portugal (coords)"
praia-da-falesia-acoteias,"Praia da Falésia Açoteias",Huelva,37.087,-8.169,"EXTRANJERA · Portugal (coords)"
praia-da-tranca,"Praia da Tranca",Huelva,38.419,-9.187,"EXTRANJERA · Portugal (coords)"
praia-da-zambujeira-do-mar,"Praia da Zambujeira do Mar",Huelva,37.523,-8.787,"EXTRANJERA · Portugal (coords)"
praia-dos-pilotos,"Praia dos Pilotos",Huelva,38.473,-8.984,"EXTRANJERA · Portugal (coords)"
praia-joao-vaz,"Praia João Vaz",Huelva,37.044,-8.885,"EXTRANJERA · Portugal (coords)"
praia-fluvial-de-cinco-reis,"Praia Fluvial de Cinco Reis",Huelva,38.013,-7.936,"EXTRANJERA · Portugal (coords)"
praia-de-vale-figueira,"Praia de Vale Figueira",Huelva,37.237,-8.875,"EXTRANJERA · Portugal (coords)"
praia-dos-alteirinhos-naturista,"Praia dos Alteirinhos (naturista)",Huelva,37.517,-8.790,"EXTRANJERA · Portugal (coords)"
praia-do-porto-de-mos,"Praia do Porto de Mós",Huelva,37.085,-8.690,"EXTRANJERA · Portugal (coords)"
praia-da-amalia,"Praia da Amália",Huelva,37.482,-8.795,"EXTRANJERA · Portugal (coords)"
praia-do-portinho-da-arrabida,"Praia do Portinho da Arrábida",Huelva,38.477,-8.984,"EXTRANJERA · Portugal (coords)"
praia-da-esteveira,"Praia da Esteveira",Huelva,37.408,-8.812,"EXTRANJERA · Portugal (coords)"
praia-grande-de-porto-covo,"Praia Grande de Porto Côvo",Huelva,37.857,-8.794,"EXTRANJERA · Portugal (coords)"
praia-da-barradinha,"Praia da Barradinha",Huelva,37.395,-8.819,"EXTRANJERA · Portugal (coords)"
praia-fluvial-dos-canais,"Praia Fluvial dos Canais",Huelva,37.694,-7.654,"EXTRANJERA · Portugal (coords)"
praia-da-gasolineira,"Praia da Gasolineira",Huelva,38.363,-8.796,"EXTRANJERA · Portugal (coords)"
praia-de-melides,"Praia de Melides",Huelva,38.129,-8.793,"EXTRANJERA · Portugal (coords)"
praia-da-vigia-3,"Praia da Vigia",Huelva,38.134,-8.792,"EXTRANJERA · Portugal (coords)"
praia-de-cabanas-velhas-naturista,"Praia de Cabanas Velhas (Naturista)",Huelva,37.065,-8.793,"EXTRANJERA · Portugal (coords)"
praia-da-ilha-do-pessegueiro,"Praia da Ilha do Pessegueiro",Huelva,37.832,-8.792,"EXTRANJERA · Portugal (coords)"
meia-praia-2,"Meia Praia",Huelva,37.121,-8.627,"EXTRANJERA · Portugal (coords)"
praia-da-entrada-da-barca,"Praia da Entrada da Barca",Huelva,37.551,-8.792,"EXTRANJERA · Portugal (coords)"
praia-da-angra-da-barreta,"Praia da Angra da Barreta",Huelva,37.778,-8.803,"EXTRANJERA · Portugal (coords)"
praia-do-espingardeiro,"Praia do Espingardeiro",Huelva,37.855,-8.794,"EXTRANJERA · Portugal (coords)"
praia-da-ponta-pequena,"Praia da Ponta Pequena",Huelva,37.074,-8.285,"EXTRANJERA · Portugal (coords)"
praia-de-alpertuche,"Praia de Alpertuche",Huelva,38.467,-8.990,"EXTRANJERA · Portugal (coords)"
praia-das-camarinhas,"Praia das Camarinhas",Huelva,38.463,-8.879,"EXTRANJERA · Portugal (coords)"
praia-fluvial-de-albergaria-dos-fusos,"Praia Fluvial de Albergaria dos Fusos",Huelva,38.288,-7.918,"EXTRANJERA · Portugal (coords)"
praia-da-balbina,"Praia da Balbina",Huelva,37.076,-8.306,"EXTRANJERA · Portugal (coords)"
praia-do-amado,"Praia do Amado",Huelva,37.164,-8.903,"EXTRANJERA · Portugal (coords)"
praia-cordama-naturista,"Praia Cordama Naturista",Huelva,37.127,-8.925,"EXTRANJERA · Portugal (coords)"
praia-da-barriga,"Praia da Barriga",Huelva,37.119,-8.931,"EXTRANJERA · Portugal (coords)"
praia-da-muracao,"Praia da Muração",Huelva,37.155,-8.908,"EXTRANJERA · Portugal (coords)"
praia-do-mirouco-2,"Praia do Mirouço",Huelva,37.147,-8.916,"EXTRANJERA · Portugal (coords)"
praia-da-bordeira,"Praia da Bordeira",Huelva,37.200,-8.901,"EXTRANJERA · Portugal (coords)"
praia-da-arrifana,"Praia da Arrifana",Huelva,37.292,-8.865,"EXTRANJERA · Portugal (coords)"
praia-de-vale-figueira-2,"Praia de Vale Figueira",Huelva,37.247,-8.869,"EXTRANJERA · Portugal (coords)"
praia-da-amoreira,"Praia da Amoreira",Huelva,37.351,-8.845,"EXTRANJERA · Portugal (coords)"
praia-do-medo-da-fonte-santa,"Praia do Medo da Fonte Santa",Huelva,37.324,-8.869,"EXTRANJERA · Portugal (coords)"
praia-da-carreagem,"Praia da Carreagem",Huelva,37.362,-8.839,"EXTRANJERA · Portugal (coords)"
praia-de-vale-dos-homens,"Praia de Vale dos Homens",Huelva,37.385,-8.825,"EXTRANJERA · Portugal (coords)"
praia-das-adegas,"Praia das Adegas",Huelva,37.439,-8.801,"EXTRANJERA · Portugal (coords)"
praia-de-odeceixe-mar,"Praia de Odeceixe-Mar",Huelva,37.442,-8.798,"EXTRANJERA · Portugal (coords)"
praia-do-telheiro,"Praia do Telheiro",Huelva,37.046,-8.979,"EXTRANJERA · Portugal (coords)"
praia-da-ponta-ruiva,"Praia da Ponta Ruiva",Huelva,37.069,-8.965,"EXTRANJERA · Portugal (coords)"
praia-do-zavial-naturista,"Praia do Zavial Naturista",Huelva,37.044,-8.867,"EXTRANJERA · Portugal (coords)"
praia-andorinha,"Praia Andorinha",Huelva,37.056,-8.850,"EXTRANJERA · Portugal (coords)"
praia-da-foia-do-carro,"Praia da Foia do Carro",Huelva,37.058,-8.845,"EXTRANJERA · Portugal (coords)"
praia-do-castelejo,"Praia do Castelejo",Huelva,37.100,-8.947,"EXTRANJERA · Portugal (coords)"
praia-de-almadena,"Praia de Almádena",Huelva,37.066,-8.796,"EXTRANJERA · Portugal (coords)"
praia-da-salema,"Praia da Salema",Huelva,37.065,-8.822,"EXTRANJERA · Portugal (coords)"
praia-da-boca-do-rio,"Praia da Boca do Rio",Huelva,37.066,-8.809,"EXTRANJERA · Portugal (coords)"
praia-dos-pinheiros,"Praia dos Pinheiros",Huelva,37.084,-8.667,"EXTRANJERA · Portugal (coords)"
meia-praia-3,"Meia Praia",Huelva,37.110,-8.655,"EXTRANJERA · Portugal (coords)"
praia-do-submarino,"Praia do Submarino",Huelva,37.117,-8.571,"EXTRANJERA · Portugal (coords)"
praia-rf,"Praia RF",Huelva,37.116,-8.574,"EXTRANJERA · Portugal (coords)"
praia-dos-tres-irmaos,"Praia dos Três Irmãos",Huelva,37.120,-8.582,"EXTRANJERA · Portugal (coords)"
praia-joao-de-arens,"Praia João de Arens",Huelva,37.116,-8.568,"EXTRANJERA · Portugal (coords)"
praia-do-boiao,"Praia do Boião",Huelva,37.118,-8.566,"EXTRANJERA · Portugal (coords)"
praia-dos-tres-castelos,"Praia dos Três Castelos",Huelva,37.118,-8.548,"EXTRANJERA · Portugal (coords)"
praia-do-mato,"Praia do Mato",Huelva,37.102,-8.506,"EXTRANJERA · Portugal (coords)"
praia-dos-caneiros,"Praia dos Caneiros",Huelva,37.105,-8.514,"EXTRANJERA · Portugal (coords)"
praia-de-vale-centianes,"Praia de Vale Centianes",Huelva,37.091,-8.456,"EXTRANJERA · Portugal (coords)"
praia-da-corredoura,"Praia da Corredoura",Huelva,37.088,-8.422,"EXTRANJERA · Portugal (coords)"
praia-do-cao-raivoso,"Praia do Cão Raivoso",Huelva,37.087,-8.418,"EXTRANJERA · Portugal (coords)"
praia-do-barranquinho,"Praia do Barranquinho",Huelva,37.090,-8.406,"EXTRANJERA · Portugal (coords)"
praia-do-pontal,"Praia do Pontal",Huelva,37.093,-8.393,"EXTRANJERA · Portugal (coords)"
praia-da-morena-2,"Praia da Morena",Huelva,37.093,-8.394,"EXTRANJERA · Portugal (coords)"
praia-da-estaquinha,"Praia da Estaquinha",Huelva,37.091,-8.401,"EXTRANJERA · Portugal (coords)"
praia-da-albandeira,"Praia da Albandeira",Huelva,37.091,-8.400,"EXTRANJERA · Portugal (coords)"
praia-da-senhora-da-rocha,"Praia da Senhora da Rocha",Huelva,37.097,-8.386,"EXTRANJERA · Portugal (coords)"
praia-do-barranco-2,"Praia do Barranco",Huelva,37.095,-8.392,"EXTRANJERA · Portugal (coords)"
praia-do-chiringuito,"Praia do Chiringuito",Huelva,37.079,-8.314,"EXTRANJERA · Portugal (coords)"
praia-do-sao-lourenco,"Praia do Sao Lourenco",Huelva,37.078,-8.312,"EXTRANJERA · Portugal (coords)"
praia-da-gale-leste,"Praia da Galé (leste)",Huelva,37.080,-8.315,"EXTRANJERA · Portugal (coords)"
praia-da-gale-2,"Praia da Galé",Huelva,37.082,-8.318,"EXTRANJERA · Portugal (coords)"
praia-manuel-lourenco,"Praia Manuel Lourenço",Huelva,37.076,-8.309,"EXTRANJERA · Portugal (coords)"
praia-da-ponta-grande,"Praia da Ponta Grande",Huelva,37.073,-8.287,"EXTRANJERA · Portugal (coords)"
praia-das-salamitras,"Praia das Salamitras",Huelva,37.073,-8.290,"EXTRANJERA · Portugal (coords)"
praia-da-coelha,"Praia da Coelha",Huelva,37.074,-8.294,"EXTRANJERA · Portugal (coords)"
praia-dos-paradinha,"Praia dos Paradinha",Huelva,37.075,-8.282,"EXTRANJERA · Portugal (coords)"
praia-de-sao-rafael,"Praia de São Rafael",Huelva,37.075,-8.280,"EXTRANJERA · Portugal (coords)"
praia-dos-piratas,"Praia dos Piratas",Huelva,37.074,-8.284,"EXTRANJERA · Portugal (coords)"
praia-dos-arrifes,"Praia dos Arrifes",Huelva,37.076,-8.278,"EXTRANJERA · Portugal (coords)"
praia-da-viga,"Praia da Viga",Huelva,37.075,-8.278,"EXTRANJERA · Portugal (coords)"
praia-do-risco,"Praia do Risco",Huelva,37.080,-8.264,"EXTRANJERA · Portugal (coords)"
praia-afurada-naturista,"Praia Afurada Naturista",Huelva,37.103,-8.508,"EXTRANJERA · Portugal (coords)"
praia-da-afurada,"Praia da Afurada",Huelva,37.103,-8.509,"EXTRANJERA · Portugal (coords)"
praia-do-martinhal,"Praia do Martinhal",Huelva,37.019,-8.926,"EXTRANJERA · Portugal (coords)"
praia-dos-rebolinhos,"Praia dos Rebolinhos",Huelva,37.022,-8.920,"EXTRANJERA · Portugal (coords)"
praia-dos-olhos-de-agua,"Praia dos Olhos de Água",Huelva,37.090,-8.191,"EXTRANJERA · Portugal (coords)"
praia-do-tonel-2,"Praia do Tonel",Huelva,37.006,-8.948,"EXTRANJERA · Portugal (coords)"
praia-do-canal-2,"Praia do Canal",Huelva,37.271,-8.860,"EXTRANJERA · Portugal (coords)"
praia-do-penedo,"Praia do Penedo",Huelva,37.252,-8.866,"EXTRANJERA · Portugal (coords)"
praia-da-samouqueira,"Praia da Samouqueira",Huelva,37.398,-8.817,"EXTRANJERA · Portugal (coords)"
azenhas-do-guadiana,"Azenhas do Guadiana",Huelva,37.646,-7.652,"EXTRANJERA · Portugal (coords)"
praia-de-alfarim,"Praia de Alfarim",Huelva,38.495,-9.183,"EXTRANJERA · Portugal (coords)"
praia-dos-tomates,"Praia dos Tomates",Huelva,37.078,-8.142,"EXTRANJERA · Portugal (coords)"
praia-da-prainha-2,"Praia da Prainha",Huelva,37.118,-8.578,"EXTRANJERA · Portugal (coords)"
praia-da-cordoama,"Praia da Cordoama",Huelva,37.109,-8.938,"EXTRANJERA · Portugal (coords)"
praia-da-zimbreirinha,"Praia da Zimbreirinha",Huelva,37.193,-8.914,"EXTRANJERA · Portugal (coords)"
praia-do-amado-2,"Praia do Amado",Huelva,37.169,-8.903,"EXTRANJERA · Portugal (coords)"
praia-grodo-mexilhao,"Praia Grodo Mexilhão",Huelva,37.062,-8.834,"EXTRANJERA · Portugal (coords)"
praia-da-oura,"Praia da Oura",Huelva,37.085,-8.223,"EXTRANJERA · Portugal (coords)"
praia-do-inatel,"Praia do Inatel",Huelva,37.086,-8.245,"EXTRANJERA · Portugal (coords)"
praia-do-penedo-2,"Praia do Penedo",Huelva,38.468,-9.191,"EXTRANJERA · Portugal (coords)"
praia-do-farol-ria,"Praia do Farol (ria)",Huelva,36.981,-7.862,"EXTRANJERA · Portugal (coords)"
praia-do-outao,"Praia do Outão",Huelva,38.488,-8.935,"EXTRANJERA · Portugal (coords)"
praia-fluvial-da-ribeira-de-carreiras,"Praia Fluvial da Ribeira de Carreiras",Huelva,37.617,-7.684,"EXTRANJERA · Portugal (coords)"
praia-do-meco,"Praia do Meco",Huelva,38.488,-9.184,"EXTRANJERA · Portugal (coords)"
praia-dos-penedos,"Praia dos Penedos",Huelva,38.447,-9.037,"EXTRANJERA · Portugal (coords)"
praia-do-forte-da-bandeira,"Praia do Forte da Bandeira",Huelva,37.099,-8.668,"EXTRANJERA · Portugal (coords)"
praia-do-molhe-2,"Praia do Molhe",Huelva,37.110,-8.520,"EXTRANJERA · Portugal (coords)"
praia-do-homem-nu,"Praia do Homem Nú",Huelva,37.062,-7.710,"EXTRANJERA · Portugal (coords)"
praia-da-baleeira-4,"Praia da Baleeira",Huelva,38.416,-9.190,"EXTRANJERA · Portugal (coords)"
praia-de-cramesines,"Praia de Cramesines",Huelva,38.427,-9.173,"EXTRANJERA · Portugal (coords)"
praia-da-cova-da-mijona,"Praia da Cova da Mijona",Huelva,38.431,-9.145,"EXTRANJERA · Portugal (coords)"
praia-do-inferno,"Praia do Inferno",Huelva,38.430,-9.153,"EXTRANJERA · Portugal (coords)"
praia-do-ribeiro-do-cavalo,"Praia do Ribeiro do Cavalo",Huelva,38.433,-9.129,"EXTRANJERA · Portugal (coords)"
praia-3,"Praia",Huelva,38.433,-9.126,"EXTRANJERA · Portugal (coords)"
praia-do-bico-das-lulas,"Praia do Bico das Lulas",Huelva,38.485,-8.906,"EXTRANJERA · Portugal (coords)"
praia-de-troia-gale,"Praia de Troia (Galé)",Huelva,38.475,-8.894,"EXTRANJERA · Portugal (coords)"
praia-atlantica,"Praia Atlântica",Huelva,38.459,-8.873,"EXTRANJERA · Portugal (coords)"
malha-da-costa,"Malha da Costa",Huelva,38.416,-8.832,"EXTRANJERA · Portugal (coords)"
praia-de-troia,"Praia de Tróia",Huelva,38.492,-8.908,"EXTRANJERA · Portugal (coords)"
praia-de-vale-covo,"Praia de Vale Côvo",Huelva,38.430,-9.167,"EXTRANJERA · Portugal (coords)"
praia-vasco-da-gama,"Praia Vasco da Gama",Huelva,37.953,-8.868,"EXTRANJERA · Portugal (coords)"
praia-da-ilha-de-faro,"Praia da Ilha de Faro",Huelva,37.004,-7.991,"EXTRANJERA · Portugal (coords)"
praia-da-foz-dos-ouricos,"Praia da Foz dos Ouriços",Huelva,37.658,-8.800,"EXTRANJERA · Portugal (coords)"
praia-do-farol-2,"Praia do Farol",Huelva,36.978,-7.857,"EXTRANJERA · Portugal (coords)"
plaza-de-toros,"Plaza de Toros",Albacete,39.303,-1.665,"INTERIOR · provincia sin costa"
la-playeta-2,"La Playeta",Albacete,39.190,-1.428,"INTERIOR · provincia sin costa"
playa-fluvial-de-tormellas,"Playa Fluvial de Tormellas",Ávila,40.308,-5.513,"INTERIOR · provincia sin costa"
playa-fluvial-de-el-molino,"Playa Fluvial de El Molino",Ávila,40.319,-5.495,"INTERIOR · provincia sin costa"
playa-fluvial-del-molino,"Playa Fluvial del Molino",Ávila,40.309,-5.511,"INTERIOR · provincia sin costa"
playa-los-llanos,"Playa Los Llanos",Badajoz,38.956,-5.255,"INTERIOR · provincia sin costa"
playa-de-medellin,"Playa de Medellín",Badajoz,38.965,-5.965,"INTERIOR · provincia sin costa"
playa-de-entrerrios,"Playa de Entrerrios",Badajoz,38.990,-5.725,"INTERIOR · provincia sin costa"
playa-2,"Playa",Badajoz,38.861,-6.632,"INTERIOR · provincia sin costa"
cascata-da-cabroeira,"Cascata da Cabroeira",Badajoz,39.262,-7.250,"INTERIOR · provincia sin costa"
praia-fluvial-o-moinho,"Praia Fluvial \"O Moinho\"",Badajoz,40.229,-7.221,"INTERIOR · provincia sin costa"
praia-fluvial-de-valhelhas,"Praia Fluvial de Valhelhas",Badajoz,40.403,-7.403,"INTERIOR · provincia sin costa"
playa-isla-del-zujar,"Playa Isla del Zújar",Badajoz,38.908,-5.427,"INTERIOR · provincia sin costa"
playa-de-cheles,"Playa de Cheles",Badajoz,38.548,-7.290,"INTERIOR · provincia sin costa"
playa-de-alange,"Playa de Alange",Badajoz,38.783,-6.239,"INTERIOR · provincia sin costa"
playa-de-orellana-la-vieja,"Playa de Orellana la Vieja",Badajoz,38.996,-5.530,"INTERIOR · provincia sin costa"
praia-fluvial-de-alfaiates,"Praia Fluvial de Alfaiates",Badajoz,40.382,-6.926,"INTERIOR · provincia sin costa"
playa-de-las-casetas,"Playa de las Casetas",Badajoz,38.985,-5.533,"INTERIOR · provincia sin costa"
playa-de-campanario,"Playa de Campanario",Badajoz,38.985,-5.530,"INTERIOR · provincia sin costa"
praia-fluvial-de-meimoa,"Praia fluvial de Meimoa",Badajoz,40.226,-7.188,"INTERIOR · provincia sin costa"
playa-de-puerto-pena,"Playa de Puerto Peña",Badajoz,39.146,-5.178,"INTERIOR · provincia sin costa"
playa-de-agua-dulce-galizuela,"Playa de agua dulce Galizuela",Badajoz,38.941,-5.226,"INTERIOR · provincia sin costa"
praia-fluvial-de-quadrazais,"Praia Fluvial de Quadrazais",Badajoz,40.313,-6.988,"INTERIOR · provincia sin costa"
praia-fluvial-do-meimao,"Praia Fluvial do Meimão",Badajoz,40.269,-7.144,"INTERIOR · provincia sin costa"
playa-hormigonada-de-peloche,"Playa hormigonada de Peloche",Badajoz,39.191,-5.132,"INTERIOR · provincia sin costa"
playa-de-arena-de-peloche,"Playa de arena de Peloche",Badajoz,39.193,-5.137,"INTERIOR · provincia sin costa"
praia-fluvial-de-vale-das-eguas,"Praia fluvial de Vale das Éguas",Badajoz,40.436,-7.024,"INTERIOR · provincia sin costa"
praia-fluvial-do-sabugal,"Praia Fluvial do Sabugal",Badajoz,40.348,-7.092,"INTERIOR · provincia sin costa"
praia-fluvial-da-relva-da-reboleira,"Praia Fluvial da Relva da Reboleira",Badajoz,40.412,-7.467,"INTERIOR · provincia sin costa"
praia-fluvial-de-rapoula-do-coa,"Praia Fluvial de Rapoula do Côa",Badajoz,40.418,-7.044,"INTERIOR · provincia sin costa"
praia-fluvial-de-badamalos,"Praia Fluvial de Badamalos",Badajoz,40.486,-6.991,"INTERIOR · provincia sin costa"
playa-de-fuente-prior,"Playa de Fuente Prior",Burgos,42.343,-3.662,"INTERIOR · provincia sin costa"
playa-de-arija,"Playa de Arija",Burgos,42.998,-3.947,"INTERIOR · provincia sin costa"
playa-fluvial-la-isla,"Playa Fluvial La Isla",Cáceres,39.980,-6.528,"INTERIOR · provincia sin costa"
playas-del-vicario,"Playas del Vicario",Ciudad Real,39.058,-3.988,"INTERIOR · provincia sin costa"
playa-de-valdearenas,"Playa de Valdearenas",Córdoba,37.261,-4.329,"INTERIOR · provincia sin costa"
playa-manchamar,"Playa Manchamar",Cuenca,39.701,-2.254,"INTERIOR · provincia sin costa"
playa-artificial,"playa artificial",Cuenca,40.088,-2.129,"INTERIOR · provincia sin costa"
playa-fluvial-4,"Playa fluvial",Cuenca,40.526,-2.151,"INTERIOR · provincia sin costa"
playa-de-bolarque,"Playa de Bolarque",Cuenca,40.339,-2.811,"INTERIOR · provincia sin costa"
playa-chica-6,"Playa Chica",Cuenca,40.344,-2.813,"INTERIOR · provincia sin costa"
playa-de-cueva-tomas,"Playa de Cueva Tomás",Cuenca,40.497,-2.361,"INTERIOR · provincia sin costa"
la-playeta-3,"La Playeta",Cuenca,40.467,-2.225,"INTERIOR · provincia sin costa"
playa-manchamar-2,"Playa Manchamar",Cuenca,39.702,-2.255,"INTERIOR · provincia sin costa"
area-recreativa-la-playeta-de-villora,"Área recreativa La Playeta de Villora",Cuenca,39.760,-1.637,"INTERIOR · provincia sin costa"
la-playeta-4,"La Playeta",Cuenca,39.681,-1.609,"INTERIOR · provincia sin costa"
el-empalme-trillo,"El Empalme",Guadalajara,40.691,-2.582,"INTERIOR · provincia sin costa"
playa-fluvial-rio-najerilla,"Playa fluvial Río Najerilla",La Rioja,42.418,-2.733,"INTERIOR · provincia sin costa"
poza-de-viguera,"Poza de Viguera",La Rioja,42.312,-2.541,"INTERIOR · provincia sin costa"
playa-cretacica,"Playa Cretácica",La Rioja,42.147,-2.271,"INTERIOR · provincia sin costa"
parque-la-playa,"Parque La Playa",La Rioja,42.471,-2.452,"INTERIOR · provincia sin costa"
playa-fluvial-5,"Playa fluvial",La Rioja,42.567,-2.915,"INTERIOR · provincia sin costa"
playa-fluvial-de-san-justo-de-la-vega,"Playa fluvial de San Justo de la Vega",León,42.454,-6.022,"INTERIOR · provincia sin costa"
playa-fluvial-3,"Playa Fluvial",León,42.646,-6.732,"INTERIOR · provincia sin costa"
praia-fluvial-de-congida,"Praia Fluvial de Congida",León,41.076,-6.780,"INTERIOR · provincia sin costa"
praia-do-azibo,"Praia do Azibo",León,41.586,-6.906,"INTERIOR · provincia sin costa"
praia-fluvial-da-fraga-da-pegada,"Praia Fluvial da Fraga da Pegada",León,41.582,-6.899,"INTERIOR · provincia sin costa"
praia-fluvial-de-vale-madeira,"Praia fluvial de Vale Madeira",León,40.786,-7.009,"INTERIOR · provincia sin costa"
praia-flubial,"Praia Flubial",León,41.645,-6.349,"INTERIOR · provincia sin costa"
moll-sortida-barques-raffting,"Moll sortida barques Raffting",Lleida,42.495,1.213,"INTERIOR · provincia sin costa"
virgen-de-la-nueva,"Virgen de la Nueva",Madrid,40.407,-4.380,"INTERIOR · provincia sin costa"
playa-nudista,"Playa nudista",Madrid,40.382,-4.316,"INTERIOR · provincia sin costa"
cala-tiburon,"Cala Tiburón",Madrid,40.379,-4.328,"INTERIOR · provincia sin costa"
zona-de-bano-la-puente,"Zona de Baño La Puente",Madrid,40.507,-4.167,"INTERIOR · provincia sin costa"
playa-de-la-pavera,"Playa de \"La Pavera\"",Madrid,40.043,-3.555,"INTERIOR · provincia sin costa"
ibai-hondartza,"Ibai-hondartza",Navarra,42.930,-1.503,"INTERIOR · provincia sin costa"
playa-fluvial,"Playa fluvial",Navarra,42.860,-1.574,"INTERIOR · provincia sin costa"
nagoreko-hondartza,"Nagoreko hondartza",Navarra,42.858,-1.375,"INTERIOR · provincia sin costa"
embarcadero-2,"Embarcadero",Navarra,42.721,-1.940,"INTERIOR · provincia sin costa"
artziko-hondartza,"Artziko hondartza",Navarra,42.863,-1.377,"INTERIOR · provincia sin costa"
nagoreko-hondartza-2,"Nagoreko hondartza",Navarra,42.853,-1.375,"INTERIOR · provincia sin costa"
playa-fluvial-natural-del-urederra,"Playa Fluvial Natural del Urederra",Navarra,42.696,-2.051,"INTERIOR · provincia sin costa"
praia-fluvial-de-chandrexa-de-queixa,"Praia Fluvial de Chandrexa de Queixa",Ourense,42.257,-7.384,"INTERIOR · provincia sin costa"
o-inquiau,"O Inquiau",Ourense,42.242,-8.131,"INTERIOR · provincia sin costa"
praia-do-coinedo,"Praia do Coiñedo",Ourense,42.251,-7.034,"INTERIOR · provincia sin costa"
praia-dos-franceses,"Praia dos Franceses",Ourense,42.246,-7.034,"INTERIOR · provincia sin costa"
playa-del-embalse-de-aguilar,"Playa del embalse de Aguilar",Palencia,42.788,-4.302,"INTERIOR · provincia sin costa"
playa-fluvial-de-vilvestre,"Playa fluvial de Vilvestre",Salamanca,41.093,-6.760,"INTERIOR · provincia sin costa"
el-rocoso,"El Rocoso",Salamanca,41.199,-6.628,"INTERIOR · provincia sin costa"
playa-del-rostro,"Playa del Rostro",Salamanca,41.244,-6.597,"INTERIOR · provincia sin costa"
parque-de-merendas-playa-fluvial,"Parque de Merendas - Playa Fluvial",Salamanca,41.024,-6.929,"INTERIOR · provincia sin costa"
playa-del-lago-alonso,"Playa del lago Alonso",Segovia,40.932,-4.105,"INTERIOR · provincia sin costa"
playita-del-duraton,"Playita del Duratón",Segovia,41.366,-3.902,"INTERIOR · provincia sin costa"
playa-del-piron,"Playa del Pirón",Segovia,40.979,-3.934,"INTERIOR · provincia sin costa"
playa-de-kaa,"Playa de Kaa",Soria,41.998,-2.848,"INTERIOR · provincia sin costa"
playa-pita,"Playa Pita",Soria,41.853,-2.782,"INTERIOR · provincia sin costa"
playa-de-los-arenales,"Playa de los Arenales",Toledo,39.956,-4.823,"INTERIOR · provincia sin costa"
playa-de-san-juan-2,"Playa de San Juan",Toledo,40.166,-4.392,"INTERIOR · provincia sin costa"
playa-de-las-moreras,"Playa de las Moreras",Valladolid,41.657,-4.733,"INTERIOR · provincia sin costa"
playa-fluvial-la-barca,"Playa fluvial La Barca",Valladolid,41.623,-4.214,"INTERIOR · provincia sin costa"
playa-de-la-juderia,"Playa de la Judería",Valladolid,41.596,-4.121,"INTERIOR · provincia sin costa"
la-sienra,"La Sienra",Zamora,41.989,-6.364,"INTERIOR · provincia sin costa"
playa-fluvial-2,"Playa fluvial",Zamora,42.064,-6.278,"INTERIOR · provincia sin costa"
el-valle,"El Valle",Zamora,41.990,-6.346,"INTERIOR · provincia sin costa"
la-alameda,"La Alameda",Zamora,41.983,-6.348,"INTERIOR · provincia sin costa"
playa-de-viquiella,"Playa de Viquiella",Zamora,42.117,-6.721,"INTERIOR · provincia sin costa"
playa-de-los-enanos,"Playa de «los Enanos»",Zamora,42.124,-6.699,"INTERIOR · provincia sin costa"
playa-custa-llago,"Playa Custa Llago",Zamora,42.114,-6.724,"INTERIOR · provincia sin costa"
playa-fluvial-bretocino,"Playa Fluvial Bretocino",Zamora,41.882,-5.749,"INTERIOR · provincia sin costa"
playa-del-folgoso,"Playa del Folgoso",Zamora,42.128,-6.702,"INTERIOR · provincia sin costa"
playa-del-embalse-de-ricobayo,"Playa del embalse de Ricobayo",Zamora,41.538,-5.982,"INTERIOR · provincia sin costa"
playa-de-los-molinos-2,"Playa de los Molinos",Zamora,41.960,-6.300,"INTERIOR · provincia sin costa"
playa-fluvial-de-castellanos,"Playa Fluvial de Castellanos",Zamora,42.075,-6.629,"INTERIOR · provincia sin costa"
playa-de-valparaiso,"Playa de Valparaíso",Zamora,41.995,-6.300,"INTERIOR · provincia sin costa"
playa-fluvial-la-rasera,"Playa Fluvial La Rasera",Zamora,41.925,-5.770,"INTERIOR · provincia sin costa"
playa-fluvial-6,"Playa Fluvial",Zamora,41.999,-5.848,"INTERIOR · provincia sin costa"
playa-fluvial-7,"Playa Fluvial",Zamora,42.000,-5.907,"INTERIOR · provincia sin costa"
playas-del-ebro,"Playas del Ebro",Zaragoza,41.667,-0.913,"INTERIOR · provincia sin costa"
playa-fluvial-del-huerva,"Playa Fluvial del Huerva",Zaragoza,41.650,-0.866,"INTERIOR · provincia sin costa"
